268,31
268,31
271,31.14
263,31.14
288,31.14
276,31.14
268,31.29
257,31.29
308,31.43
287,31.43
274,31.43
320,31.43
270,31.43
274,31.57
286,31.57
266,31.71
273,31.71
272,31.86
284,31.86
258,31.86
283,31.86
302,31.86
257,31.86
301,31.86
282,32
283,32
290,32
307,32
284,32.14
269,32.14
271,32.14
287,32.29
273,32.29
280,32.29
267,32.43
285,32.43
277,32.43
283,32.43
283,32.57
285,32.71
317,32.71
295,32.71
254,32.71
287,32.71
290,32.86
268,32.86
290,32.86
306,33
284,33
290,33
289,33.14
307,33.14
309,33.14
336,33.14
278,33.29
307,33.29
323,33.29
244,33.43
269,33.57
269,33.57
321,33.71
315,33.71
296,33.71
304,33.71
314,33.86
326,33.86
295,33.86
292,34.14
301,34.14
319,34.29
288,34.29
291,34.29
297,34.29
285,34.43
311,34.43
304,34.43
317,34.43
307,34.43
300,34.43
286,34.43
326,34.43
296,34.57
303,34.57
301,34.71
318,34.71
289,34.71
286,35
312,35
313,35.14
305,35.14
333,35.14
302,35.14
313,35.14
326,35.29
303,35.29
330,35.29
344,35.29
311,35.43
303,35.57
319,35.57
328,35.71
311,35.71
332,35.86
270,35.86
339,35.86
312,35.86
315,36
320,36
305,36
316,36
302,36
332,36
311,36.14
311,36.14
320,36.14
299,36.29
337,36.29
327,36.43
351,36.43
306,36.43
352,36.43
326,36.43
334,36.57
362,36.57
333,36.57
313,36.57
319,36.71
321,36.86
283,36.86
350,37
335,37
336,37
329,37.14
324,37.14
356,37.29
321,37.29
326,37.29
329,37.43
312,37.57
312,37.71
283,37.71
389,37.71
341,37.86
337,37.86
319,37.86
314,38
322,38.14
343,38.14
315,38.29
345,38.29
312,38.29
359,38.29
326,38.43
357,38.43
367,41.14
372,41.14
